Id,Type,Impact,Category,Memory (Yes/No)
43,'Constant' variable guards dead code,Low,Possible Control flow issues,
209,Allocation size error,High,Memory - illegal accesses,
98,Allocation size mismatch,High,Memory - corruptions,
230,Allocation size with '&',High,Memory - corruptions,
231,Allocation too small for string,High,Memory - corruptions,
102,Allocation too small for type,High,Memory - corruptions,
252,Argument cannot be negative,High,Memory - corruptions,
18,Argument cannot be negative,Medium,Error handling issues,
89,Arguments in wrong order,Medium,API usage errors,
11,Array compared against 0,Medium,Incorrect expression,
175,Array delete misuse,High,Memory - illegal accesses,
22,Assign instead of compare,Medium,Incorrect expression,
248,Assignment of overlapping memory,High,Memory - corruptions,
80,Bad bit shift operation,Medium,Integer handling issues,
119,Bad choice of lock object,Medium,Concurrent data access violations,
150,BC: Bad casts of object references,Low,FindBugs: Dodgy code,
25,Big parameter passed by value,Low,Performance inefficiencies,
211,Branch past initialization,Medium,Control flow issues,
95,Buffer not null terminated,High,Memory - illegal accesses,
207,Buffer overflow,High,Memory - corruptions,
167,Bx: Questionable Boxing of primitive value,Low,FindBugs: Performance,
46,Calling risky function,Low,Security best practices violations,
116,Check of thread-shared field evades lock acquisition,High,Data race undermines locking,
115,Cleartext sensitive data in a database,Medium,Medium impact security,
34,Constant expression result,Medium,Integer handling issues,
13,Copy into fixed size buffer,Low,Security best practices violations,
247,Copy of overlapping memory,High,Memory - corruptions,
70,Copy-paste error,Medium,Incorrect expression,
118,Cross-site scripting,High,High impact security,
4,Data race condition,Medium,Concurrent data access violations,
173,DC: Possible double check of field,Medium,FindBugs: Multithreaded correctness,
146,DE: Dropped or ignored exception,Low,FindBugs: Bad practice,
94,Dead default in switch,Low,Possible Control flow issues,
28,Dereference after null check,Medium,Null pointer dereferences,
3,Dereference before null check,Medium,Null pointer dereferences,
20,Dereference null return value,Medium,Null pointer dereferences,
110,Destination buffer too small,High,Memory - corruptions,
124,Display of sensitive data in the user interface,High,High impact security,
83,Division or modulo by float zero,Medium,Incorrect expression,
30,Division or modulo by zero,Medium,Integer handling issues,
132,DLS: Dead local store,Low,FindBugs: Dodgy code,
133,Dm: Dubious method used,Low,FindBugs: Internationalization,
166,DMI: Dubious method invocation,Low,FindBugs: Dodgy code,
91,Don't call,Low,Security best practices violations,
197,Double close,Medium,API usage errors,
100,Double free,High,Memory - corruptions,
189,Double lock,Medium,Program hangs,
188,Double unlock,Medium,API usage errors,
174,DP: Use doPrivileged,Low,FindBugs: Malicious code vulnerability,
169,EC: Comparing incompatible types for equality,Medium,FindBugs: Correctness,
184,Empty virtual destructor,Low,Code maintainability issues,
145,Eq: Problems with implementation of equals(),Low,FindBugs: Dodgy code,
165,ES: Checking String equality using == or !=,Low,FindBugs: Bad practice,
92,Evaluation order violation,Medium,Incorrect expression,
183,Explicit free of COM interface,High,Memory - illegal accesses,
53,Explicit null dereferenced,Medium,Null pointer dereferences,
212,Expression with no effect,Medium,Incorrect expression,
251,Extra argument to printf format specifier,Low,API usage errors,
216,Extra high-order bits,Medium,Integer handling issues,
101,Extra sizeof expression,Medium,Incorrect expression,
47,Failed to override method,Medium,Class hierarchy inconsistencies,
131,Failure to call super.clone(),Medium,Class hierarchy inconsistencies,
178,Failure to restore non-local value,Medium,Control flow issues,
142,Filesystem path or filename manipulation,High,High impact security,
243,"Filesystem path, filename, or URI manipulation",High,High impact security,
226,Format string vulnerability,Medium,Insecure data handling,
93,Free of address-of expression,High,Memory - corruptions,
228,Free of address-of first field,High,Memory - corruptions,
196,Free of array-typed value,High,Memory - corruptions,
222,Free of function pointer,High,Memory - corruptions,
148,FS: Format string problem,Low,FindBugs: Bad practice,
75,Function address comparison,Medium,Incorrect expression,
138,GC: Suspicious calls to generic collection methods,Medium,FindBugs: Correctness,
157,Hashing a password with a weak hash function,Medium,Medium impact security,
170,HE: Equal objects must have equal hashcodes,Low,FindBugs: Bad practice,
162,HRS: HTTP Response splitting vulnerability,Medium,FindBugs: Security,
156,HTTP header injection,Medium,Medium impact security,
78,Identical code for different branches,Medium,Incorrect expression,
60,Ignoring number of bytes read,Medium,Error handling issues,
199,Illegal address computation,High,Memory - corruptions,
163,IM: Questionable integer math,Low,FindBugs: Dodgy code,
52,Improper use of negative value,Medium,Integer handling issues,
194,Incompatible cast,Medium,Integer handling issues,
187,Incorrect deallocator used,Medium,API usage errors,
214,Incorrect delete operator,High,Memory - illegal accesses,
229,Incorrect pointer increment,Medium,Incorrect expression,
65,Incorrect sizeof expression,Medium,Incorrect expression,
198,Inequality comparison against NULL,Medium,Incorrect expression,
59,Inferred misuse of enum,Medium,Incorrect expression,
180,Infinite loop,Medium,Program hangs,
113,Information exposure to log file,Low,Low impact security,
185,Insecure chroot,Medium,API usage errors,
112,Insecure random value used in security context,Medium,Insecure random category,
121,Insecure SSL/TLS: bad HostnameVerifier,High,High impact security,
120,Insecure SSL/TLS: bad TrustManager,High,High impact security,
126,Insecure SSL/TLS: disabling certificate revocation check,High,High impact security,
117,Insecure SSL/TLS: SSLSession hostname not verified,High,High impact security,
58,Insecure temporary file,Low,Security best practices violations,
233,Integer overflow,Medium,Insecure data handling,
82,Integer overflowed argument,Medium,Insecure data handling,
7,Invalid iterator comparison,Medium,Control flow issues,
246,Invalid printf format string,Medium,API usage errors,
234,Invalid type in argument to printf format specifier,Medium,API usage errors,
8,Iterator container mismatch,High,Memory - corruptions,
151,JLM: Synchronization on java.util.concurrent objects,Medium,FindBugs: Multithreaded correctness,
201,Large stack use,Low,Performance inefficiencies,
69,Logical vs. bitwise operator,Medium,Integer handling issues,
6,Logically dead code,Medium,Control flow issues,
107,Macro compares unsigned to 0,Medium,Integer handling issues,
108,Memset buffer size of 0,High,Memory - illegal accesses,
109,Memset fill truncated,High,Memory - illegal accesses,
218,Memset fill value of '0',High,Memory - illegal accesses,
249,Missing argument to printf format specifier,Medium,API usage errors,
16,Missing break in switch,Medium,Control flow issues,
114,Missing call to superclass,Medium,Class hierarchy inconsistencies,
179,Missing comma in a string array initialization,Medium,Incorrect expression,
36,Missing move assignment operator,Low,Low impact quality,
195,Missing parentheses,Medium,Incorrect expression,
74,Missing return statement,High,Uninitialized variables,
27,Missing unlock,Medium,Program hangs,
181,Missing varargs init or cleanup,Medium,API usage errors,
213,Missing/extra lock or unlock,Medium,Program hangs,
232,Missing/multiple returns,High,Uninitialized variables,
225,Misuse of memcmp-style function,Medium,API usage errors,
63,Misused comma operator,Medium,Incorrect expression,
208,Misused sizeof,Medium,Incorrect expression,
40,Mixing enum types,Medium,Incorrect expression,
103,Negative array index read,High,Memory - illegal accesses,
106,Negative array index write,High,Memory - corruptions,
224,Negative loop bound,Medium,Program hangs,
37,Nesting level does not match indentation,Medium,Control flow issues,
152,Nm: Confusing name,Medium,FindBugs: Correctness,
236,No virtual destructor,High,Resource leaks,
79,Non-array delete for scalars,Low,Compiler dependency,
33,Non-virtual destructor,High,Resource leaks,
49,Not restoring ostream format,Medium,API usage errors,
161,NP: Null pointer dereference,Low,FindBugs: Bad practice,
203,Null pointer dereference,Medium,Null pointer dereferences,
125,Open redirect,Medium,Medium impact security,
14,Operands don't affect result,Medium,Integer handling issues,
77,Out-of-bounds access,High,Memory - corruptions,
245,Out-of-bounds access,High,Memory - illegal accesses,
51,Out-of-bounds read,High,Memory - illegal accesses,
73,Out-of-bounds write,High,Memory - corruptions,
76,Overflowed array index read,High,Memory - illegal accesses,
193,Overflowed array index write,High,Memory - corruptions,
84,Overflowed return value,Medium,Insecure data handling,
221,Overlapping buffer in memory copy,Medium,API usage errors,
210,Parse recovery warning,Low,Parse warnings,
38,Parse warning,Low,Parse warnings,
220,Pointer comparison with string literal,Medium,Incorrect expression,
87,Pointer to local outside scope,High,Memory - illegal accesses,
186,Pointless string comparison,Medium,Incorrect expression,
44,Printf arg count mismatch,Medium,API usage errors,
50,Printf arg type mismatch,Medium,API usage errors,
96,Printf format string issue,Medium,API usage errors,
168,RC: Questionable use of reference equality rather than calling equals,Low,FindBugs: Bad practice,
67,Read from pointer after free,High,Memory - illegal accesses,
105,Readlink used insecurely,High,Memory - illegal accesses,
147,REC: RuntimeException capture,Low,FindBugs: Dodgy code,
202,Recursion in included headers,Low,Build system issues,
143,Regular expression injection,Low,Low impact security,
192,Reliance on integer endianness,Medium,Integer handling issues,
35,Resource leak,High,Resource leaks,
99,Resource leak in object,High,Resource leaks,
130,Resource leak on an exceptional path,Low,Exceptional resource leaks,
32,Result is not floating-point,Medium,Incorrect expression,
219,Risky cryptographic function,Medium,Medium impact security,
144,Risky cryptographic hashing function,Medium,Medium impact security,
158,Risky cryptographic SSL protocol,Medium,Medium impact security,
160,RV: Bad use of return value,Low,FindBugs: Bad practice,
81,Same on both sides,Medium,Incorrect expression,
159,SBSC: String concatenation in loop using + operator,Low,FindBugs: Performance,
134,Se: Incorrect definition of Serializable class,Low,FindBugs: Bad practice,
45,Self assignment,Medium,Incorrect expression,
155,SF: Switch case falls through,Medium,FindBugs: Correctness,
171,SI: Suspicious static initializer,Low,FindBugs: Bad practice,
140,SIC: Inner class could be made static,Low,FindBugs: Performance,
71,Side effect in assertion,Medium,Incorrect expression,
68,Sizeof not portable,Low,Code maintainability issues,
136,SS: Unread field should be static,Low,FindBugs: Performance,
154,STCAL: Static use of type Calendar or DateFormat,Medium,FindBugs: Multithreaded correctness,
85,Stray semicolon,Medium,Control flow issues,
57,String not null terminated,High,Memory - illegal accesses,
23,Structurally dead code,Medium,Control flow issues,
227,Switch test assignment,Medium,Incorrect expression,
191,Thread deadlock,Medium,Program hangs,
241,Thread unsafe modification in singleton,High,Concurrent data access violations,
122,Thread unsafe modification in singleton,Medium,Concurrent data access violations,
61,Time of check time of use,Low,Security best practices violations,
54,Truncated stdio return value,Medium,API usage errors,
242,Trust boundary violation,Low,Low impact security,
104,Unbounded source buffer,High,Memory - corruptions,
1,Uncaught exception,Medium,Error handling issues,
15,Unchecked dynamic_cast,Medium,Null pointer dereferences,
21,Unchecked return value,Medium,Error handling issues,
64,Unchecked return value from library,Medium,Error handling issues,
217,Unexpected control flow,Medium,Control flow issues,
128,Unguarded read,Medium,Concurrent data access violations,
164,Unguarded write,Medium,Concurrent data access violations,
200,Uninitialized array index read,High,Memory - illegal accesses,
223,Uninitialized array index write,High,Memory - corruptions,
31,Uninitialized pointer field,Medium,Uninitialized members,
48,Uninitialized pointer read,High,Memory - illegal accesses,
215,Uninitialized pointer write,High,Memory - corruptions,
2,Uninitialized scalar field,Medium,Uninitialized members,
12,Uninitialized scalar variable,High,Uninitialized variables,
205,Uninitialized value use,High,Uninitialized variables,
182,Unintended comparison to logical negation,Medium,Incorrect expression,
86,Unintended sign extension,Medium,Integer handling issues,
29,Unintentional integer overflow,Medium,Integer handling issues,
238,Unlogged security exception,Medium,Medium impact security,
24,Unrecoverable parse warning,Low,Parse warnings,
123,Unrestricted dispatch,Medium,Medium impact security,
153,Unsafe dependence on database key,Medium,API usage errors,
237,Unsafe deserialization,High,High impact security,
235,unsafe_xml_parse_config,Medium,Miscellaneous,
41,Unsigned compared against 0,Medium,Control flow issues,
66,Untrusted array index read,Medium,Insecure data handling,
90,Untrusted array index write,Medium,Insecure data handling,
56,Untrusted loop bound,Medium,Insecure data handling,
19,Untrusted pointer read,Medium,Insecure data handling,
88,Untrusted pointer write,Medium,Insecure data handling,
39,Untrusted value as argument,Medium,Insecure data handling,
204,Unused pointer value,Low,Code maintainability issues,
17,Unused value,Low,Code maintainability issues,
250,Unused value,Medium,Incorrect expression,
149,UPM: Private method is never called,Low,FindBugs: Performance,
139,UR: Uninitialized read of field in constructor,Medium,FindBugs: Correctness,
135,UrF: Unread field,Low,FindBugs: Dodgy code,
253,Use after close,Medium,API usage errors,
97,Use after free,High,Memory - illegal accesses,
111,Use of hard-coded password,Medium,Medium impact security,
55,Use of untrusted scalar value,Medium,Insecure data handling,
9,Use of untrusted string value,Medium,Insecure data handling,
206,Use of untrusted value,Medium,Insecure data handling,
72,Useless call,Medium,Incorrect expression,
10,Using invalid iterator,Medium,API usage errors,
141,UuF: Unused field,Low,FindBugs: Performance,
137,UwF: Unwritten field,Medium,FindBugs: Correctness,
127,Value not atomically updated,Medium,Concurrent data access violations,
42,Various,Medium,Uninitialized members,
244,Very weak password hashing,High,High impact security,
239,Volatile not atomically updated,Medium,Concurrent data access violations,
26,Waiting while holding a lock,Medium,Program hangs,
172,WMI: Inefficient Map Iterator,Low,FindBugs: Performance,
5,Wrapper object use after free,High,Memory - illegal accesses,
176,Write to pointer after free,High,Memory - corruptions,
129,Wrong method called,Medium,API usage errors,
177,Wrong operator used,Medium,Integer handling issues,
190,Wrong size argument,Medium,Incorrect expression,
62,Wrong sizeof argument,Medium,Incorrect expression,
240,XML Path (XPath) Language injection,Medium,Medium impact security,